-- phpMyAdmin SQL Dump
-- version 5.1.1
-- https://www.phpmyadmin.net/
--
-- Host: 127.0.0.1
-- Generation Time: Nov 15, 2021 at 01:50 PM
-- Server version: 10.4.21-MariaDB
-- PHP Version: 8.0.11

SET SQL_MODE = "NO_AUTO_VALUE_ON_ZERO";
START TRANSACTION;
SET time_zone = "+00:00";


/*!40101 SET @OLD_CHARACTER_SET_CLIENT=@@CHARACTER_SET_CLIENT */;
/*!40101 SET @OLD_CHARACTER_SET_RESULTS=@@CHARACTER_SET_RESULTS */;
/*!40101 SET @OLD_COLLATION_CONNECTION=@@COLLATION_CONNECTION */;
/*!40101 SET NAMES utf8mb4 */;

--
-- Database: `kasir`
--

-- --------------------------------------------------------

--
-- Table structure for table `detailpesanan`
--

CREATE TABLE `detailpesanan` (
  `iddetailpesanan` int(11) NOT NULL,
  `idpesanan` int(11) NOT NULL,
  `idproduk` int(11) NOT NULL,
  `qty` int(11) NOT NULL
) ENGINE=InnoDB DEFAULT CHARSET=utf8mb4;

--
-- Dumping data for table `detailpesanan`
--

INSERT INTO `detailpesanan` (`iddetailpesanan`, `idpesanan`, `idproduk`, `qty`) VALUES
(1, 5, 1, 50),
(2, 5, 2, 6),
(4, 6, 1, 5),
(5, 7, 2, 10);

-- --------------------------------------------------------

--
-- Table structure for table `masuk`
--

CREATE TABLE `masuk` (
  `idmasuk` int(11) NOT NULL,
  `idproduk` int(11) NOT NULL,
  `qty` int(11) NOT NULL,
  `tanggalmasuk` timestamp NOT NULL DEFAULT current_timestamp()
) ENGINE=InnoDB DEFAULT CHARSET=utf8mb4;

--
-- Dumping data for table `masuk`
--

INSERT INTO `masuk` (`idmasuk`, `idproduk`, `qty`, `tanggalmasuk`) VALUES
(1, 1, 50, '2021-11-15 09:01:22'),
(2, 1, 50, '2021-11-15 09:01:53'),
(3, 2, 10, '2021-11-15 09:03:02');

-- --------------------------------------------------------

--
-- Table structure for table `pelanggan`
--

CREATE TABLE `pelanggan` (
  `idpelanggan` int(11) NOT NULL,
  `namapelanggan` varchar(30) NOT NULL,
  `notelp` varchar(12) NOT NULL,
  `alamat` text NOT NULL
) ENGINE=InnoDB DEFAULT CHARSET=utf8mb4;

--
-- Dumping data for table `pelanggan`
--

INSERT INTO `pelanggan` (`idpelanggan`, `namapelanggan`, `notelp`, `alamat`) VALUES
(1, 'farha', '08978782878', 'jakarta'),
(2, 'farha', '08978782878', 'jakarta'),
(3, 'anto', '192797392', 'malang'),
(4, 'yanto', '29372873', 'kutai'),
(5, 'indi', '08988378463', 'samadikun');

-- --------------------------------------------------------

--
-- Table structure for table `pesanan`
--

CREATE TABLE `pesanan` (
  `idorder` int(11) NOT NULL,
  `tanggal` timestamp NOT NULL DEFAULT current_timestamp(),
  `idpelanggan` int(11) NOT NULL
) ENGINE=InnoDB DEFAULT CHARSET=utf8mb4;

--
-- Dumping data for table `pesanan`
--

INSERT INTO `pesanan` (`idorder`, `tanggal`, `idpelanggan`) VALUES
(1, '2021-11-15 01:02:13', 0),
(2, '2021-11-15 01:09:13', 0),
(3, '2021-11-15 01:09:58', 0),
(4, '2021-11-15 01:10:48', 0),
(5, '2021-11-15 02:14:02', 4),
(6, '2021-11-15 02:14:32', 3),
(7, '2021-11-15 02:20:20', 5),
(8, '2021-11-15 03:09:44', 3),
(9, '2021-11-15 06:48:03', 1);

-- --------------------------------------------------------

--
-- Table structure for table `produk`
--

CREATE TABLE `produk` (
  `idproduk` int(11) NOT NULL,
  `namaproduk` varchar(20) NOT NULL,
  `deskripsi` varchar(30) NOT NULL,
  `harga` int(11) NOT NULL,
  `stock` int(11) NOT NULL
) ENGINE=InnoDB DEFAULT CHARSET=utf8mb4;

--
-- Dumping data for table `produk`
--

INSERT INTO `produk` (`idproduk`, `namaproduk`, `deskripsi`, `harga`, `stock`) VALUES
(1, 'pulpen gel', 'standar', 24000, 55),
(2, 'pensil', '2B', 3000, 0),
(3, 'laptop', 'lenovo', 5000000, 50);

-- --------------------------------------------------------

--
-- Table structure for table `user`
--

CREATE TABLE `user` (
  `iduser` int(11) NOT NULL,
  `username` varchar(35) NOT NULL,
  `password` varchar(20) NOT NULL
) ENGINE=InnoDB DEFAULT CHARSET=utf8mb4;

--
-- Dumping data for table `user`
--

INSERT INTO `user` (`iduser`, `username`, `password`) VALUES
(1, 'admin', 'admin');

--
-- Indexes for dumped tables
--

--
-- Indexes for table `detailpesanan`
--
ALTER TABLE `detailpesanan`
  ADD PRIMARY KEY (`iddetailpesanan`);

--
-- Indexes for table `masuk`
--
ALTER TABLE `masuk`
  ADD PRIMARY KEY (`idmasuk`);

--
-- Indexes for table `pelanggan`
--
ALTER TABLE `pelanggan`
  ADD PRIMARY KEY (`idpelanggan`);

--
-- Indexes for table `pesanan`
--
ALTER TABLE `pesanan`
  ADD PRIMARY KEY (`idorder`);

--
-- Indexes for table `produk`
--
ALTER TABLE `produk`
  ADD PRIMARY KEY (`idproduk`);

--
-- Indexes for table `user`
--
ALTER TABLE `user`
  ADD PRIMARY KEY (`iduser`);

--
-- AUTO_INCREMENT for dumped tables
--

--
-- AUTO_INCREMENT for table `detailpesanan`
--
ALTER TABLE `detailpesanan`
  MODIFY `iddetailpesanan` int(11) NOT NULL AUTO_INCREMENT, AUTO_INCREMENT=6;

--
-- AUTO_INCREMENT for table `masuk`
--
ALTER TABLE `masuk`
  MODIFY `idmasuk` int(11) NOT NULL AUTO_INCREMENT, AUTO_INCREMENT=4;

--
-- AUTO_INCREMENT for table `pelanggan`
--
ALTER TABLE `pelanggan`
  MODIFY `idpelanggan` int(11) NOT NULL AUTO_INCREMENT, AUTO_INCREMENT=20010011;

--
-- AUTO_INCREMENT for table `pesanan`
--
ALTER TABLE `pesanan`
  MODIFY `idorder` int(11) NOT NULL AUTO_INCREMENT, AUTO_INCREMENT=10;

--
-- AUTO_INCREMENT for table `produk`
--
ALTER TABLE `produk`
  MODIFY `idproduk` int(11) NOT NULL AUTO_INCREMENT, AUTO_INCREMENT=4;

--
-- AUTO_INCREMENT for table `user`
--
ALTER TABLE `user`
  MODIFY `iduser` int(11) NOT NULL AUTO_INCREMENT, AUTO_INCREMENT=2;
COMMIT;

/*!40101 SET CHARACTER_SET_CLIENT=@OLD_CHARACTER_SET_CLIENT */;
/*!40101 SET CHARACTER_SET_RESULTS=@OLD_CHARACTER_SET_RESULTS */;
/*!40101 SET COLLATION_CONNECTION=@OLD_COLLATION_CONNECTION */;
